{
  "training_history": {
    "base_loss": [
      0.0008631700060769857
    ],
    "attention_loss": [
      130.12246953737088
    ],
    "style_loss": [
      2.363760548312217e-24
    ]
  },
  "model_parameters": {
    "base_model": {
      "coefficients": [
        -23076438297.46433,
        1356000640.4988441,
        971398853.7612841,
        936441864.7528849,
        678267828.649151,
        -4159227366.147977,
        219205529.26741067,
        308393715.42673,
        -159194069.16542867,
        -857426694.7304902,
        -38085550.57042597,
        -456737764.25465596,
        2176417971.233493,
        0.0009916773930420675,
        0.004370213896105923,
        0.003927217444704922,
        12631636000.513487,
        0.007332713814459879,
        -2140538889.501,
        -2212297054.965346,
        -1726513638.17086,
        0.006008322652387932,
        -0.0012729472908787898,
        2176417972.2317147,
        0.0013842124658793864,
        -0.0005966108290422767,
        13050145850.260649,
        -0.00031624619339254423,
        -1993186488.3076189,
        -2359649456.1611385,
        -1236823434.3083022,
        0.008773418457964866,
        0.001327952243997288,
        -0.00016498565673828125,
        -0.013282299041748047,
        -1130983952.7572622,
        -0.024852871894836426,
        106506741.36619473,
        -106506741.36339664,
        -1192314813.586686,
        -0.00894021987915039,
        0.0014047622680664062,
        -9.969315469264984,
        287121836.1479352,
        0.10702896118164062,
        330783.46835041046,
        -330783.4619989395,
        -863597396.1367203,
        0.07161068916320801,
        -0.0010404586791992188,
        1.5593939138076172e-05,
        -104215401.8364558,
        17915410207.06708,
        17915410207.067158,
        1822188486.3119643,
        1933199298.6456964,
        10119898616.600845,
        -9.547748565673828,
        -4272269.582772374,
        4272269.548602104,
        -279101149.15693235,
        0.757084846496582,
        0.02894073724746704,
        1438671513.2586002,
        1457082215.6035485,
        -94983444.84027576,
        -895143.1249685884,
        80062604.89518595,
        1457082215.6035488,
        -94983444.84027576,
        895143.1260014772,
        -80062604.89261818,
        2017697319.1627524,
        48492028.41610837,
        581536277.4147456,
        0.1729602813720703,
        0.02849292755126953,
        -2176417912.234184
      ],
      "intercept": 22505242732.70058
    },
    "attention_model": {
      "coefficients": [
        -11449147298939.26,
        571671274051.5917,
        409467653265.5866,
        394439916982.81244,
        285947642899.4198,
        -1753424450105.3145,
        92412220776.29005,
        130057160346.69975,
        -67075764538.026146,
        -361236638557.2466,
        -16070332294.382442,
        -192511317015.44125,
        917840056049.9962,
        -0.2137190090348885,
        2.2320283748546697,
        2.662076040771794,
        5325178784494.166,
        2.6899163632074066,
        -902714501578.358,
        -932965610522.0308,
        -727874472703.8341,
        3.6688811706021296,
        -0.7367058957993144,
        917840056049.2087,
        0.9696630328868068,
        2.174608843190235,
        5501612309287.0625,
        1.7050683432518028,
        -840594270425.1282,
        -995085841676.1139,
        -521350408418.91473,
        4.207169109479295,
        0.6853917998665366,
        -0.2802734375,
        -7.580810546875,
        -476794871391.9497,
        -10.955352783203125,
        44900829277.25293,
        -44900829276.1626,
        -502216500340.7202,
        -4.386474609375,
        0.19970703125,
        0.5771942138671875,
        121043420986.03757,
        -3.9527587890625,
        139420718.67163086,
        -139420715.25732422,
        -364079846774.956,
        17.947021484375,
        1.4005126953125,
        0.006574007922419202,
        -43934654012.269646,
        7552682657132.251,
        7552682657132.283,
        768188746577.9508,
        814988174918.4207,
        4266292765661.0254,
        160.013916015625,
        -1801226534.6426392,
        1801226509.663391,
        -117662894329.73706,
        348.594482421875,
        25.933746337890625,
        606718899956.8253,
        614480606071.5737,
        -40095201860.84277,
        -377379199.6404114,
        33752651653.893555,
        614480606071.5736,
        -40095201860.84277,
        377379196.36187744,
        -33752651652.71582,
        849987697327.4141,
        20461382208.20117,
        245113021582.99487,
        84.25,
        23.06396484375,
        -917840056049.4731
      ],
      "intercept": 11208546746749.744
    },
    "style_model": {
      "coefficients": [
        -1.945793731882225,
        0.168134061445595,
        0.4675078878794565,
        2.121053293688877,
        9.984261794599353,
        -0.7941790323596223,
        0.037595878247596914,
        -0.20500081554485217,
        -0.23826940318834922,
        -1.4921049131631428,
        0.07513952924995948,
        -74.5205247834209,
        2.2020446251654757,
        7.105427357601002e-15,
        1.1546319456101628e-13,
        -9.592326932761353e-14,
        2.3983123801447004,
        4.0945025148175773e-13,
        -2.194313987009819,
        -2.209775263321232,
        -0.2140749358483287,
        3.2862601528904634e-13,
        -6.750155989720952e-14,
        2.202044625165467,
        -2.1316282072803006e-14,
        -2.2382096176443156e-13,
        2.475833520133829,
        1.9184653865522705e-13,
        -2.1673618421540937,
        -2.236727408176982,
        -0.5952495303240252,
        4.574118861455645e-13,
        5.2458037913538647e-14,
        -8.526512829121202e-14,
        -6.910028105266974e-13,
        -0.21133940641762672,
        -1.3109513474773848e-12,
        0.018643439991131494,
        -0.018643439991075095,
        -2.7006089300159513,
        -3.7125857943465235e-13,
        1.0036416142611415e-13,
        -8.000000000000899,
        0.05391616758228231,
        -1.5871748360041238e-12,
        0.00022976084500681004,
        -0.00022976084477477343,
        7.659475773890781,
        -6.217248937900877e-13,
        -2.6201263381153694e-13,
        2.978256430371781e-15,
        -0.019375373427023553,
        3.4124573379783976,
        3.4124573379784136,
        0.3454474298595455,
        0.36610816929166046,
        1.9269018020761595,
        -14.999999999998394,
        1.992458761890248e-05,
        -1.992458890498483e-05,
        -0.04786855889971875,
        -1.95618521381391e-12,
        5.648814749292796e-13,
        1.466532585678089,
        1.4687783323264618,
        0.2821945857481667,
        -0.00011594649794677281,
        0.013607827656995752,
        1.468778332326461,
        0.2821945857481667,
        0.00011594649704527171,
        -0.013607827656999305,
        3.9377931389878755,
        -0.09567062002030102,
        -57.90626631955144,
        -3.668176873361517e-13,
        1.4341861032107772e-12,
        27.79795537483445
      ],
      "intercept": 112.68866140932744
    }
  }
}