{
  "training_history": {
    "base_loss": [
      1.4606941508332107
    ],
    "attention_loss": [
      2093.2643191412385
    ],
    "style_loss": [
      1.1379641966597612e-23
    ]
  },
  "model_parameters": {
    "base_model": {
      "coefficients": [
        -3.3042040105188834e-11,
        4874802837.052987,
        3853339833.8989673,
        -1120088932.9466379,
        310942988.6452111,
        -10945455543.775158,
        -468385242.45317405,
        -5656519578.350533,
        -24359740088.500732,
        16924589979.349653,
        1884447548.2264333,
        2047078024.1007004,
        41882711082.958954,
        -0.014504268639498719,
        0.001367895824202492,
        -0.06666617593948843,
        -35043247040.75637,
        0.1383818521573339,
        -28713451584.335197,
        -55051970583.60527,
        -6206791744.940162,
        0.2612427662914314,
        -0.003668371130821413,
        41882711083.958305,
        -0.001602221907617718,
        -0.07038611774181547,
        -35785462759.537636,
        0.17030274522986133,
        -41052119008.99931,
        -42713303158.942535,
        -4906224655.981614,
        0.37062700219985345,
        0.00040414154223888943,
        -0.009552001953125,
        0.01574993133544922,
        -3298099083.3154244,
        -0.09420967102050781,
        -734008854.6745567,
        734008854.6760101,
        1426141523.0479927,
        -0.008032798767089844,
        0.0016632080078125,
        -10.261151313781738,
        -1004300786.1328784,
        4.388713836669922,
        368312408.7793083,
        -368312408.8207054,
        -395904887.3454838,
        3.8028993606567383,
        0.00738525390625,
        -6.663034295760554e-05,
        426929309.64258,
        -34213199419.456596,
        -34213199419.456604,
        -5188263491.378785,
        -6172461529.290411,
        -33815679563.462093,
        -4.119670867919922,
        -104209397.16602111,
        104209397.1853602,
        596366593.5901194,
        12.17428970336914,
        0.38175106048583984,
        28608238223.613686,
        27578591972.170036,
        19108944396.21513,
        85481224.6953125,
        883631683.3123789,
        27578591972.170044,
        19108944396.21513,
        -85481224.41463089,
        -883631683.3199177,
        -20772239126.77169,
        -2399353163.1013374,
        -2606420997.5887513,
        9.061790466308594,
        0.35022735595703125,
        -41882711023.95056
      ],
      "intercept": -479180227.68965936
    },
    "attention_model": {
      "coefficients": [
        4.723555075356439e-10,
        311438991399.89294,
        316086206689.325,
        -165356726605.8571,
        45147809243.76707,
        -1916786517698.7273,
        -14701609397.452398,
        -565591791927.9087,
        -1129693135687.178,
        1131854144039.2078,
        125477536956.014,
        121099740279.14967,
        2627788756520.14,
        -0.982726294220031,
        0.015902965478451492,
        -3.56998660767049,
        -6030492837324.226,
        7.7317125519562495,
        -1033653274879.3615,
        -4221924238161.988,
        -396536439619.5481,
        11.572484899113753,
        -0.20236531922867584,
        2627788756520.0894,
        -0.1897636207876232,
        -3.372347722164708,
        -6174946438172.797,
        7.561781060312143,
        -2688833173470.622,
        -2566744339570.755,
        -402453457898.73865,
        12.734982750015263,
        -0.28645446449445444,
        -0.4638671875,
        -0.14453125,
        -563328615854.83,
        -1.5673828125,
        -143264119674.37695,
        143264119674.32715,
        210538723300.96826,
        2.436767578125,
        0.169921875,
        -3.8760986328125,
        -174803999653.81805,
        220.0625,
        77691891232.3241,
        -77691891234.31696,
        -57483976286.61572,
        198.1171875,
        1.7041015625,
        -0.01133700129612501,
        73912992001.08786,
        -5945557489817.115,
        -5945557489817.116,
        -895952579193.7605,
        -1065104100665.0807,
        -5875368636146.986,
        312.830078125,
        -14165109406.02771,
        14165109408.125854,
        18718669384.70105,
        645.67724609375,
        26.7900390625,
        1831528957422.0508,
        1712024277809.7117,
        1079251904704.6545,
        6535180818.268066,
        150496150338.83374,
        1712024277809.7112,
        1079251904704.6545,
        -6535180800.807617,
        -150496150338.64648,
        -1314420261428.0884,
        -159762963265.12244,
        -154188978248.75,
        390.750732421875,
        28.80029296875,
        -2627788756518.4116
      ],
      "intercept": -78155665558.87932
    },
    "style_model": {
      "coefficients": [
        -6.551330046559642e-11,
        0.40542740850577186,
        -0.32137150265149295,
        0.1326803195270294,
        10.135994577711593,
        0.6515750150984712,
        -0.051566881566776246,
        -0.7066375279796482,
        0.6040305847919587,
        1.8596070702804868,
        0.26025384486115044,
        -73.67210767377891,
        0.5176873885106126,
        -9.947598300641403e-14,
        -1.0658141036401503e-14,
        -2.318145675417327e-13,
        1.4488957398592994,
        7.993605777301127e-14,
        -8.184998634485583,
        7.14962385746434,
        -0.5162062090281414,
        1.4566126083082054e-13,
        5.684341886080802e-14,
        0.5176873885106046,
        -3.730349362740526e-14,
        5.329070518200751e-15,
        1.7978660663812533,
        -5.542233338928781e-13,
        -0.34692370073335077,
        -0.6884510762878548,
        0.40918290572806626,
        -4.263256414560601e-14,
        -1.7763568394002505e-14,
        1.3766765505351941e-14,
        2.3447910280083306e-13,
        0.09023144910842179,
        -1.4210854715202004e-14,
        0.13418446391287553,
        -0.1341844639128098,
        -0.16893382962982173,
        4.707345624410664e-14,
        -5.329070518200751e-15,
        -7.9999999999991775,
        0.06490956328459797,
        1.4228618283596006e-12,
        0.016437075058028938,
        -0.016437075057617268,
        7.466283594195409,
        1.6262546864709293e-12,
        -1.0302869668521453e-13,
        1.8554013971679084e-15,
        -0.01872236905870477,
        2.6579567146801635,
        2.657956714680164,
        0.3104801998223247,
        0.35380789194188617,
        2.3001338779802603,
        -14.999999999998812,
        0.0074681682621617895,
        -0.0074681682621315915,
        0.06565699281646342,
        -1.4104273304837989e-12,
        -3.0375701953744283e-13,
        0.2635911273097502,
        0.385891824855797,
        0.06532160881511118,
        -0.007658011582738489,
        0.003084450838855446,
        0.38589182485579787,
        0.06532160881511118,
        0.007658011582704738,
        -0.003084450838811037,
        -2.2760413291035864,
        -0.33136548694473333,
        -58.98650453397854,
        4.618527782440651e-14,
        1.0658141036401503e-14,
        29.482312611489434
      ],
      "intercept": 111.94344474234327
    }
  }
}