{
  "training_history": {
    "base_loss": [
      4.9007233521510045
    ],
    "attention_loss": [
      98.84480574306687
    ],
    "style_loss": [
      228.81185068279422
    ]
  },
  "model_parameters": {
    "base_model": {
      "coefficients": [
        -4.8647140629080095e-11,
        0.6703297079553749,
        0.6411843029241915,
        0.47715771543676766,
        18.28308974912596,
        0.23822399809334405,
        -4.6592331329080015,
        -6.78787696972527,
        6.365855375499312,
        -2.961794174236344,
        -2.9440924056437545,
        -242.28418174901972,
        9540951126.71074,
        -0.05712736252155182,
        0.0028284472212938283,
        -0.12321116129033256,
        0.027568073836807372,
        -0.0502609918546435,
        -19081902255.32064,
        -0.12224905941021724,
        0.02939148102404765,
        -0.05036830486744037,
        -0.0279734188619436,
        9540951127.70674,
        0.0008876945311495632,
        -0.13338039523081946,
        0.011137016965344415,
        0.06364668491890857,
        0.09017752734638051,
        -19081902255.537067,
        0.030146748814739333,
        -0.008463223319338242,
        -0.019329325550921705,
        0.010661125183105469,
        -0.08563041687011719,
        0.014945030212402344,
        -0.2216963768005371,
        0.1818561553955078,
        -0.20789480209350586,
        -0.01957416534423828,
        -0.21775436401367188,
        -0.016332626342773438,
        -10.034458756446838,
        -0.5367366969585419,
        2.0146613121032715,
        0.25971508026123047,
        -0.3148612976074219,
        1.4650858640670776,
        1.9200661182403564,
        0.08872795104980469,
        -9.997428894042969,
        -0.49675559997558594,
        -0.18841934204101562,
        0.1949901580810547,
        0.15615081787109375,
        -0.3738435208797455,
        -0.022302627563476562,
        -9.981128931045532,
        1.3934288024902344,
        -1.280137062072754,
        -2.608406186103821,
        1.2950372695922852,
        0.4012308120727539,
        9540951130.415272,
        -4.624872207641602,
        0.8550319671630859,
        -6.293940544128418,
        -0.10439205169677734,
        9540951129.651981,
        -0.5150651931762695,
        6.516471862792969,
        0.10098075866699219,
        -0.1198272705078125,
        -1.0381951332092285,
        -0.056084632873535156,
        -4.152378082275391,
        0.7012701034545898,
        -9540951067.585648
      ],
      "intercept": 241.17648938397406
    },
    "attention_model": {
      "coefficients": [
        -1.0457185430268554e-10,
        4.746038482742129,
        4.466682509731865,
        1.5596719065087237,
        -25.975650354599075,
        0.6104160902027181,
        -3.8984389800535,
        -60.66754854993938,
        58.215794796148025,
        -17.987318932619203,
        -28.329444580672256,
        -19.74430851528711,
        39121662405.345894,
        -0.34455958670215225,
        0.04349262281950894,
        -0.4336116174317064,
        0.1740384200748739,
        -0.42255727786961894,
        -78243324809.72389,
        -1.1731102522299524,
        0.10741602109969905,
        -0.6428042048345204,
        -0.16237607317111635,
        39121662405.33177,
        0.011207768622425895,
        -0.5913086914277186,
        0.08982071688095328,
        0.1374200897475495,
        0.9001843043160256,
        -78243324811.83383,
        0.09426294415914738,
        -0.3417075848347624,
        -0.101076744122917,
        0.06728744506835938,
        -0.44205284118652344,
        0.005442619323730469,
        -0.3225569725036621,
        0.7849941253662109,
        -0.8708648681640625,
        -0.09340286254882812,
        -0.9173355102539062,
        -0.04550743103027344,
        -2.778855323791504,
        -3.104980230331421,
        10.131589889526367,
        12.924659729003906,
        -13.421112060546875,
        10.884525775909424,
        21.402976036071777,
        1.2523155212402344,
        -8.005645751953125,
        -2.5197254419326782,
        -1.4795875549316406,
        1.5100364685058594,
        0.8597869873046875,
        -1.819301724433899,
        -0.06267547607421875,
        -3.3490500450134277,
        42.82101058959961,
        -42.2628059387207,
        -44.42378807067871,
        17.9929141998291,
        1.6753463745117188,
        39121662423.89435,
        -31.490078926086426,
        4.761909484863281,
        -37.48647689819336,
        0.044010162353515625,
        39121662418.43326,
        -2.5092105865478516,
        38.906497955322266,
        -0.004734039306640625,
        -0.8799285888671875,
        -6.755392074584961,
        -0.4803657531738281,
        -15.724108695983887,
        3.952362060546875,
        -39121662404.38216
      ],
      "intercept": 105.36123482593463
    },
    "style_model": {
      "coefficients": [
        9.637349382057646e-12,
        -11.462843748609888,
        8.626223702670515,
        0.8178619651029546,
        -108.39811421652625,
        0.24056086896395518,
        -100.49760055445083,
        -8.549426248524355,
        15.378512849516934,
        10.134232144699322,
        11.801378086128874,
        -114.60836917779872,
        189939488514.44003,
        0.12109082107630087,
        -0.3569888150969023,
        -0.4061145642813921,
        0.2860579075768519,
        0.41975847885069895,
        -379878977027.7628,
        -0.5243170855488927,
        -0.8605813718311071,
        0.8252598414637067,
        0.5996631600719837,
        189939488513.93994,
        -1.8896040292095613,
        0.09200678507792759,
        0.002197947592152971,
        -1.3132385701399802,
        2.329208001288972,
        -379878977030.88403,
        -1.0052595778991664,
        -0.7250548421702332,
        -0.6136305145706551,
        -5.342987060546875,
        -8.383056640625,
        -0.6516609191894531,
        -1.6929817199707031,
        -0.790435791015625,
        3.4718704223632812,
        0.1193084716796875,
        1.64013671875,
        -1.2523574829101562,
        -7.2116546630859375,
        -2.929849624633789,
        7.2578887939453125,
        -476.0977783203125,
        475.4842529296875,
        200.6416015625,
        -8.208030700683594,
        -1.61328125,
        -1.562103271484375,
        -2.9512972831726074,
        0.109039306640625,
        -0.095458984375,
        -0.167449951171875,
        0.26204872131347656,
        -0.1534423828125,
        -18.408071517944336,
        -220.9955062866211,
        220.72942352294922,
        132.02520370483398,
        -9.272613525390625,
        -0.48992919921875,
        189939488509.30573,
        7.894336700439453,
        0.79705810546875,
        9.068267822265625,
        2.130645751953125,
        189939488511.07977,
        0.402801513671875,
        -9.732345581054688,
        -2.592864990234375,
        -0.2390899658203125,
        -1.0344696044921875,
        -1.6754379272460938,
        -12.698921203613281,
        0.4580230712890625,
        -189939488484.32727
      ],
      "intercept": 44.88130789947479
    }
  }
}