{
  "training_history": {
    "base_loss": [
      0.8327075849295063
    ],
    "attention_loss": [
      1170.821005793122
    ],
    "style_loss": [
      8.768860073542475e-24
    ]
  },
  "model_parameters": {
    "base_model": {
      "coefficients": [
        -9.89895942928378e-11,
        176435757.14490083,
        16637505357.17051,
        -9582776169.883137,
        1992281924.258266,
        -57227844668.47254,
        14815359864.618683,
        8730192482.405037,
        -32805396351.661396,
        -1863802833.3047788,
        -2433468011.5068874,
        4942229408.652715,
        40673400.236346945,
        -0.007707926621085548,
        -0.0037960214177701346,
        -0.036405650953344804,
        -192637276983.59164,
        -0.08784270483339585,
        -14336897596.141495,
        14255550793.658373,
        -224644982.79035485,
        -0.11281373111177118,
        -0.005334189759622632,
        40673401.23739409,
        -0.000514993563577093,
        -0.04052184483774113,
        -216405129716.3284,
        -0.02388986510808877,
        8673696967.806746,
        -8755043770.293482,
        -21183529746.287586,
        -0.02918628005991053,
        -0.0028258574171076134,
        0.0118255615234375,
        0.01065826416015625,
        24265241158.563423,
        0.00940704345703125,
        -116685784.69469833,
        116685784.69403839,
        12201169567.857376,
        -0.0061473846435546875,
        0.00262451171875,
        -10.177684783935547,
        -5015295849.395194,
        1.8425979614257812,
        -725122985.364151,
        725122985.3680115,
        -2536652106.0006943,
        1.3509063720703125,
        0.005054473876953125,
        0.0001354510724633228,
        2325937790.040555,
        -325109983239.7809,
        -325109983239.78094,
        -35086378951.952675,
        -38236471001.18091,
        -253716149232.90002,
        -5.726940155029297,
        -852547590.0270996,
        852547589.9147797,
        -18863502059.28101,
        9.104949951171875,
        0.21163177490234375,
        -3047410981.4731865,
        1564378891.9820175,
        15326750806.828342,
        1210280330.5778198,
        661491524.5214424,
        1564378891.9820175,
        15326750806.828342,
        -1210280330.5017471,
        -661491524.5167503,
        2665245355.4980006,
        3098387690.8623123,
        -6292642228.351524,
        5.7434234619140625,
        0.288116455078125,
        -40673341.22659302
      ],
      "intercept": -180229774.69495896
    },
    "attention_model": {
      "coefficients": [
        1.1608419642105907e-10,
        44486688736.54784,
        -336109263535.962,
        224934407036.67072,
        -43600850737.3127,
        954532759997.906,
        -246800883178.72964,
        -307273095520.4044,
        347244745277.33856,
        1053724047546.6853,
        170887950313.533,
        -226902262167.4442,
        310509634043.81946,
        -0.5745581647639266,
        -0.0676818691622989,
        -1.7823672500904812,
        3195258015566.5513,
        -1.4703776780648852,
        -69158161748.36278,
        -551861106339.6311,
        -56642211294.70093,
        -6.828496880716468,
        -0.43858325299735945,
        310509634043.8416,
        -0.06518472954011756,
        -2.7339736100479985,
        3595386963714.878,
        -0.6576924098323547,
        -464642542650.1152,
        -156376725438.16888,
        427947605700.5561,
        -2.4303683265708234,
        -0.31973887485033003,
        0.425537109375,
        0.9779052734375,
        -405228800167.81647,
        -0.154052734375,
        1816951225.8874588,
        -1816951225.796669,
        -286395382012.11975,
        -0.01019287109375,
        0.2236328125,
        -8.426177978515625,
        83255577503.03821,
        121.0897216796875,
        13409133854.32251,
        -13409133854.111328,
        55514327269.847046,
        73.9661865234375,
        1.3260498046875,
        -0.00226075868915026,
        -38611571795.76242,
        5390964021565.015,
        5390964021565.018,
        582865019677.389,
        635770003910.6464,
        4209526775819.5137,
        265.5796813964844,
        13972781778.686829,
        -13972781781.142517,
        314236643366.32007,
        585.9500732421875,
        20.1148681640625,
        266240529151.9323,
        177389369468.10632,
        -25446742577.760803,
        -24212619382.06585,
        -3667071583.3025513,
        177389369468.10632,
        -25446742577.760803,
        24212619390.284172,
        3667071583.9211426,
        -1390013968024.7607,
        -217581296909.65506,
        288900932916.1853,
        332.707275390625,
        27.029296875,
        -310509634042.0641
      ],
      "intercept": 29837567248.662197
    },
    "style_model": {
      "coefficients": [
        -6.554032368912131e-11,
        0.45185207132225536,
        -0.44739858811388,
        0.57127874804958,
        9.811378367309679,
        -0.26137341021713484,
        0.07133511683257154,
        -1.493695967463225,
        -2.0246300562021435,
        9.725110673741982,
        1.2309995589598923,
        -75.5727187617289,
        5.559201853190233,
        2.7533531010703882e-14,
        2.3092638912203256e-14,
        -1.2096990076315706e-12,
        -1.0462423437896713,
        7.610023722293136e-13,
        -5.599148446344052,
        -5.519255260036486,
        -0.5753159255747623,
        -2.1387336346379016e-12,
        -5.1514348342607263e-14,
        5.559201853190299,
        1.7763568394002505e-14,
        -5.861977570020827e-13,
        -1.1184064573330055,
        3.197442310920451e-13,
        -5.596681299862183,
        -5.521722406518336,
        0.5696455746470086,
        -1.4459544672718039e-12,
        0.0,
        -1.0125233984581428e-13,
        1.9131363160340698e-12,
        0.10700302669489918,
        -1.1901590823981678e-12,
        -0.00239056037705776,
        0.002390560377192763,
        -0.7273746930862783,
        3.659295089164516e-13,
        4.440892098500626e-14,
        -7.999999999997111,
        -0.026539845163326047,
        -4.18554080283684e-12,
        0.0082979031956949,
        -0.00829790319746948,
        7.879597790144651,
        2.248867758680717e-12,
        2.675193400136777e-12,
        6.084213879188539e-16,
        0.012305228066712486,
        -1.7731680922658961,
        -1.773168092265895,
        -0.1819424481561734,
        -0.19318641930991934,
        -1.3624087134723335,
        -14.99999999999848,
        -0.0061600223059112835,
        0.006160022308057123,
        -0.09082669167954549,
        -4.710898338089464e-12,
        -1.6385642842564607e-12,
        3.762757768748747,
        3.677822968815771,
        2.2398359123008538,
        -0.030251154833715432,
        0.06898688683634857,
        3.677822968815771,
        2.2398359123008538,
        0.030251154835683636,
        -0.06898688683611631,
        -12.794432182547384,
        -1.5673573180239968,
        -56.566571337635814,
        4.561684363579843e-12,
        -9.965361869035405e-13,
        24.440798146809563
      ],
      "intercept": 112.25416494920916
    }
  }
}