{
  "training_history": {
    "base_loss": [
      4.571915460177659
    ],
    "attention_loss": [
      91.9264469623591
    ],
    "style_loss": [
      258.48824993819045
    ]
  },
  "model_parameters": {
    "base_model": {
      "coefficients": [
        -4.1518385625177105e-13,
        -0.27702183960987803,
        -0.49548423500173655,
        0.44906059256668307,
        17.811120841530837,
        -0.138954992744587,
        -17.47824941277836,
        14.594582457086316,
        -15.304921249598792,
        -1.8292295764807398,
        -20.547055320031035,
        -243.07167115987173,
        -15038782348.634045,
        -0.029988517138546555,
        -0.012211625581802055,
        -0.022586046883745325,
        -0.000494004004717552,
        0.2977279368222696,
        30077564695.172737,
        0.11121757359033513,
        -0.041941549501050446,
        0.3351280083448209,
        0.01891440088422236,
        -15038782347.638493,
        -0.01804136098202136,
        0.060431553852522524,
        -0.0022629678104562068,
        0.4202963659436558,
        -0.1452596138044422,
        30077564695.43491,
        -0.03987279149168543,
        0.42341468588061915,
        0.036959619934730625,
        -0.03759956359863281,
        0.003589630126953125,
        0.016042709350585938,
        -0.4216010570526123,
        0.0950171947479248,
        -0.12776947021484375,
        -0.020955324172973633,
        -0.14914512634277344,
        0.00354766845703125,
        -9.218293592333794,
        0.1769547462463379,
        3.7313839197158813,
        -0.4815378189086914,
        0.46158313751220703,
        -0.028604909777641296,
        0.45946168899536133,
        0.13129043579101562,
        -10.011531829833984,
        0.35890817642211914,
        -0.08236503601074219,
        0.092498779296875,
        -0.008792877197265625,
        0.09405899047851562,
        0.004353523254394531,
        -8.892762899398804,
        -1.3652429580688477,
        1.511113166809082,
        -0.551681637763977,
        5.757634282112122,
        0.8099889755249023,
        -15038782348.294216,
        0.6990457773208618,
        0.08423662185668945,
        -2.087453842163086,
        -0.5391206741333008,
        -15038782347.693325,
        0.2132432460784912,
        2.550662040710449,
        0.5550699234008789,
        -0.04261207580566406,
        -0.05226945877075195,
        -0.06943464279174805,
        4.215517997741699,
        0.9585990905761719,
        15038782407.773914
      ],
      "intercept": 254.23876654521382
    },
    "attention_model": {
      "coefficients": [
        -1.9583328673776355e-12,
        -0.10273838286938605,
        -1.549802579481281,
        2.0575922986076263,
        -21.13141827059729,
        -0.8036649473845293,
        -78.18679305983264,
        75.05526038761064,
        -78.05207624908383,
        -11.746348917136988,
        -72.40555479462822,
        -22.94108162634715,
        -10374907032.424845,
        -0.2112397041207572,
        -0.06854218533492884,
        0.041662714950001956,
        -0.010505556898454227,
        1.1025997606301634,
        20749814064.885853,
        -0.06001168546008895,
        -0.2475848549383599,
        1.1441481969224285,
        0.08889282161825562,
        -10374907032.438078,
        -0.10296952199173814,
        0.4892827044942831,
        -0.012353358522749325,
        1.7679065996768317,
        -0.2875503032574489,
        20749814065.13935,
        -0.23777744536995105,
        1.6759716080244127,
        0.21005432932585633,
        -0.1969451904296875,
        0.21298956871032715,
        0.07835674285888672,
        -1.4221714735031128,
        0.34027671813964844,
        -0.44759368896484375,
        -0.09460997581481934,
        -0.6202487945556641,
        -0.01686382293701172,
        2.1504388004541397,
        0.8670589923858643,
        21.476900458335876,
        -1.9328274726867676,
        1.6592907905578613,
        -0.5324327051639557,
        10.622806668281555,
        1.198556900024414,
        -8.054247856140137,
        1.5266249179840088,
        -0.38634300231933594,
        0.4513683319091797,
        -0.076324462890625,
        0.5345401763916016,
        0.018056869506835938,
        1.0229936242103577,
        -2.463829517364502,
        3.3720545768737793,
        -1.704018473625183,
        24.46065056324005,
        3.192257881164551,
        -10374907037.257862,
        5.479776501655579,
        0.05057203769683838,
        -5.952954292297363,
        -2.3051133155822754,
        -10374907033.103565,
        1.7949830293655396,
        7.990728855133057,
        2.363286018371582,
        -0.1958637237548828,
        -0.26584768295288086,
        -0.42415809631347656,
        -4.291552782058716,
        4.536716461181641,
        10374907033.473663
      ],
      "intercept": 156.618549723393
    },
    "style_model": {
      "coefficients": [
        1.1739144017782127e-13,
        -10.17625780716768,
        3.7557565480066275,
        -2.768935766389058,
        21.68808884988728,
        1.5980283873422163,
        -15.92629006776403,
        -7.250125519993439,
        13.75556628709938,
        0.5270340281014141,
        -2.0995115998759744,
        -120.93038045240863,
        161051723741.8692,
        0.09540496680869603,
        -0.1230670194773773,
        -0.8313730460350985,
        0.018879048178383595,
        1.2420915450989263,
        -322103447485.40924,
        2.1223164613713497,
        -0.032804993955506845,
        1.270088042040208,
        0.4728517833100194,
        161051723741.57855,
        -2.052329350548788,
        -0.24709012809010483,
        -0.25448334171405285,
        0.3981310463679011,
        -0.8906686003447541,
        -322103447482.7365,
        -0.026825009656567644,
        0.4088785197302123,
        -0.1642852934543768,
        -4.62298583984375,
        -2.384990692138672,
        0.1294708251953125,
        0.4534912109375,
        -1.9613208770751953,
        5.191622734069824,
        0.2932472229003906,
        1.475341796875,
        -1.4514999389648438,
        1.4531500339508057,
        0.34801483154296875,
        3.2878074645996094,
        -2.7966842651367188,
        3.2386016845703125,
        0.08915603160858154,
        0.8474435806274414,
        -0.2706298828125,
        -1.524993896484375,
        2.583721160888672,
        -0.3393096923828125,
        0.303497314453125,
        0.132781982421875,
        0.244659423828125,
        -0.0076446533203125,
        -12.204910278320312,
        5.022895812988281,
        -4.688331604003906,
        -1.3772096633911133,
        0.4795875549316406,
        0.155426025390625,
        161051723746.11182,
        -4.815424919128418,
        1.4624061584472656,
        -5.03125,
        -2.4131240844726562,
        161051723741.979,
        -1.4094963073730469,
        4.613670349121094,
        2.1152114868164062,
        -0.009002685546875,
        -0.9290771484375,
        -0.06610107421875,
        -10.96624755859375,
        1.3006591796875,
        -161051723711.66394
      ],
      "intercept": 75.92053607736784
    }
  }
}