{
  "training_history": {
    "base_loss": [
      1.3108516097037337
    ],
    "attention_loss": [
      3034.9022119316473
    ],
    "style_loss": [
      1.52779682641634e-23
    ]
  },
  "model_parameters": {
    "base_model": {
      "coefficients": [
        35796829496.768654,
        0.12583774526954228,
        0.6390728266461299,
        0.024663662783730445,
        17.183546653729636,
        -11.63963119604485,
        37.12915483848634,
        17.95440911379388,
        -18.750899007094162,
        -3.331170226016905,
        5.646050183440172,
        -240.73351819171486,
        3.7249822154737267,
        -0.013542653340223865,
        -0.009759970772634574,
        0.21675446234178386,
        0.16729429177661892,
        0.010922542749423059,
        -15.671003089626065,
        6.256391093778721,
        -0.18688897623776768,
        -0.3018103142296109,
        0.014900995896137914,
        4.677967165862173,
        0.006697717302433404,
        0.12728139191991084,
        1.479615148879958,
        0.014474523009386786,
        -5.09029131433828,
        -4.319506416352461,
        -0.150886634224505,
        -0.3592429535881152,
        -0.002200071089717426,
        -0.08217460877155247,
        -0.4630186087509909,
        0.04498090254082676,
        -0.22275356325274753,
        0.3531609662996189,
        -0.3508597188898115,
        -0.00839464053431982,
        0.19309826405445918,
        0.005448634149203713,
        -11.375550098775022,
        -3.448068989067986,
        0.577434439587531,
        -72.12417637807411,
        72.0572438669012,
        -14.858044546722533,
        11.99722075617403,
        0.6210539487344366,
        -10.128929193545332,
        -2.2082245471647717,
        0.7773258204292333,
        -0.7030195898144811,
        -0.3103051847825071,
        -0.06599889818075866,
        -0.015993801321030787,
        -10.67007546529226,
        -353.9775545051809,
        353.9762150562666,
        -42.73432458220406,
        -2.464552180651259,
        -0.43964266068234004,
        8.340015707618607,
        2.447162146293909,
        0.15201697343711373,
        -4.720955338744574,
        -7.811908342711206,
        -1.3731476860379423,
        0.4982762946289938,
        4.952261796616142,
        7.836502995609578,
        -0.11867711012905602,
        -0.13147112242926973,
        -0.22278693670876137,
        -2.50421325146608,
        -0.2106410891018342,
        55.35083635504006
      ],
      "intercept": -35796829262.761604
    },
    "attention_model": {
      "coefficients": [
        10385746027186.543,
        13.288687280587066,
        45.70061553911388,
        -0.33081899884254545,
        -1511.9350602190568,
        -799.3836471687728,
        141.4837330240316,
        790.7594007972178,
        -836.8406262005008,
        -190.23550992005323,
        54.698299688082805,
        -48.448929506812476,
        -7.89846561031,
        -0.27754924059883945,
        -3.2070556798406145,
        9.38934981198477,
        11.910621117964823,
        12.91209931078984,
        -455.58886458372973,
        472.4867421596323,
        -22.571752812566782,
        -5.618685587711083,
        0.5053980593715623,
        -10.434016139435192,
        3.628467511096222,
        -0.663384189291802,
        96.55530791695072,
        11.795341312589297,
        -403.17372802512676,
        419.50637134026476,
        -18.855704371102856,
        -10.341933890062489,
        -0.7568523495415267,
        -4.512280945911357,
        -20.364489051945363,
        8.83322677456323,
        -8.397733544351802,
        41.650642442705134,
        -42.25356709259904,
        0.7494737048382376,
        -4.20773838075479,
        2.140636047093608,
        -53.888021731131,
        -251.88940867571847,
        69.78957611123822,
        1499.0468541227679,
        -1505.2621023962424,
        886.2745365201683,
        737.9242920765674,
        27.32515017827754,
        -9.079882130387702,
        -232.97496735035912,
        55.48249706931057,
        -49.719751755746216,
        12.80877372269083,
        2.3385630029393383,
        -1.4653515277469893,
        39.036425834316304,
        1663.1392705524224,
        -1678.9086270183009,
        -269.619075857659,
        35.69665989827365,
        -12.252965405706163,
        382.416282207446,
        23.051810874041493,
        29.503445423052085,
        -209.2142809461057,
        -606.9808054199706,
        -423.01630311999935,
        29.98205280187699,
        217.73158125934117,
        607.4320605143512,
        -7.580293058616974,
        1.1465626951341505,
        -28.472216412664693,
        -71.55547617238766,
        1.7732944556921666,
        13.232484114880208
      ],
      "intercept": -10385746026811.22
    },
    "style_model": {
      "coefficients": [
        3.1455786444971143,
        1.0331735467161707e-12,
        5.111466805374221e-12,
        2.8190783041281975e-12,
        16.000000000039673,
        1.2869705301454815e-11,
        2.453282021974701e-11,
        3.1086244689504383e-12,
        6.616929226765933e-13,
        -1.8882673202824662e-12,
        6.1382010585475655e-12,
        -119.9999999999967,
        2.307692307691452,
        1.354472090042691e-14,
        -5.355715870791755e-13,
        -1.3322676295501878e-12,
        -4.82280881897168e-13,
        1.3642420526593924e-12,
        -4.615384615383919,
        9.370282327836321e-13,
        -7.953637748414621e-13,
        6.208367153703875e-13,
        5.3290705182007514e-14,
        2.3076923076911484,
        9.334755191048316e-13,
        4.154454558147336e-13,
        -1.538325022920617e-12,
        1.7674750552032492e-12,
        3.907985046680551e-12,
        -4.615384615386878,
        -3.298333828283262e-13,
        -8.375522497772181e-13,
        -1.8474111129762605e-13,
        2.8421709430404007e-13,
        -2.0907719999740948e-12,
        1.580957587066223e-12,
        7.971401316808624e-13,
        -2.1316282072803006e-13,
        -3.836930773104541e-13,
        1.1723955140041653e-13,
        -4.1531222905177856e-12,
        3.055333763768431e-13,
        -8.000000000001583,
        4.779954210221149e-12,
        1.4428458428028534e-12,
        -2.0295587432883622e-10,
        1.9950974206039973e-10,
        -4.4434678159177565e-11,
        9.084288876692881e-12,
        -8.08242361927114e-14,
        2.1316282072803006e-13,
        -6.8896000016138714e-12,
        -4.39825953435502e-12,
        4.4924064468432334e-12,
        -8.526512829121202e-13,
        1.7212897773788427e-12,
        -1.0302869668521453e-13,
        -14.999999999998591,
        -6.139799779703026e-11,
        5.652811552181447e-11,
        -4.092670646826946e-11,
        5.793143742494067e-12,
        -8.704148513061227e-14,
        2.3076923076908846,
        -1.3100631690576847e-12,
        1.1013412404281553e-13,
        2.2737367544323206e-12,
        7.478462293875054e-13,
        2.3076923076930935,
        1.241673430740775e-12,
        -2.8776980798284058e-12,
        -9.450218385609332e-13,
        -2.9309887850104133e-13,
        1.4219736499399005e-12,
        -9.414691248821327e-13,
        2.227551476607914e-12,
        -1.0391687510491465e-12,
        27.69230769230865
      ],
      "intercept": 108.85442135546708
    }
  }
}