{
  "training_history": {
    "base_loss": [
      8.444848497811682
    ],
    "attention_loss": [
      98.68322912350995
    ],
    "style_loss": [
      418.00243414132984
    ]
  },
  "model_parameters": {
    "base_model": {
      "coefficients": [
        3.892222026925204e-11,
        31546698911.44763,
        -20884037600.643665,
        -32057694157.72448,
        267972861.4159005,
        -165631436295.11954,
        2416172481.283776,
        -22490072398.244057,
        4950227166.579285,
        -35166030967.32454,
        -17538694972.040577,
        14660080967.422373,
        -20253600085.265156,
        -0.08067875126939228,
        -0.026400953952133932,
        -0.506939160082708,
        -909896096678.8884,
        0.5714795066754093,
        51450265.66459423,
        40455749902.80699,
        -40166504558.1577,
        0.24366485273612426,
        -0.10678088284065268,
        -20253600084.260952,
        -0.003099882172392654,
        -0.3038256285081289,
        -575099685243.2933,
        0.24359252391014152,
        26817480990.068867,
        13689719178.422987,
        26590382528.37328,
        0.0007626525529360606,
        -0.06866825749355598,
        -0.02142333984375,
        -0.210418701171875,
        -8004522349.636636,
        -0.14013671875,
        7461445583.699371,
        -7461445583.743927,
        40817123915.112885,
        0.073944091796875,
        0.001251220703125,
        -8.957592010498047,
        -13044404335.699419,
        11.73101806640625,
        -4812482629.267059,
        4812482629.304138,
        -341193635.1122894,
        14.987457275390625,
        0.405548095703125,
        0.00011109533660411693,
        5318837851.314752,
        -859172110885.0721,
        -859172110885.0719,
        -106761341327.90785,
        -120203920599.03578,
        -766838676917.171,
        14.30181884765625,
        -4231204191.1612015,
        4231204191.963455,
        -3076366435.228119,
        52.322509765625,
        2.297576904296875,
        -7854699547.687519,
        -16326250310.416267,
        11166212277.29889,
        5669683834.182678,
        328462443.91574097,
        -16326250310.416275,
        11166212277.29889,
        -5669683832.064529,
        -328462443.8109131,
        69563865302.9811,
        22330959926.11795,
        -18665795127.893078,
        17.1263427734375,
        2.702789306640625,
        20253600144.442978
      ],
      "intercept": -15291153043.803762
    },
    "attention_model": {
      "coefficients": [
        7.669829523088964e-12,
        52203705930.58851,
        -28327945367.584427,
        -63022794742.47206,
        -613386256.1809453,
        -373263382547.1914,
        5374482965.16438,
        -67043542058.24811,
        -11893024694.16833,
        99077193682.7102,
        -19389528354.257862,
        40804275374.5895,
        21480152360.821827,
        -0.35350700007690294,
        -0.04230625637313845,
        -1.8138867487350099,
        -2049471615852.9119,
        2.5111353116576796,
        -65836808252.600204,
        22876503530.77218,
        -66467822765.31166,
        0.7399384454564637,
        -0.44910150773899016,
        21480152360.828117,
        -0.01864322558721465,
        -1.0494400091290297,
        -1295558782155.4158,
        1.4486920457384933,
        -262596011.987726,
        -42697708709.78491,
        36068260269.42218,
        -0.07608351505132926,
        -0.3003746266825438,
        0.011962890625,
        -1.07647705078125,
        -17953966617.658745,
        0.086181640625,
        16547102717.646301,
        -16547102717.804718,
        80243114486.96997,
        0.6216888427734375,
        0.016845703125,
        10.523002624511719,
        -29371381771.846954,
        18.6375732421875,
        -10802700641.288696,
        10802700641.609192,
        780987546.5891418,
        66.87718200683594,
        3.06396484375,
        0.00025316192291324497,
        11971317615.832504,
        -1934594169554.1523,
        -1934594169554.1519,
        -240392482005.4054,
        -270652197096.59024,
        -1726846288905.5298,
        47.8179931640625,
        -9481292556.085403,
        9481292559.61425,
        -6843004514.670593,
        145.7344970703125,
        9.444244384765625,
        27257787710.56922,
        7851258505.493141,
        50252579152.725464,
        13184413828.570312,
        871721960.6757812,
        7851258505.493111,
        50252579152.725464,
        -13184413821.262848,
        -871721960.2072754,
        -47284250064.594925,
        24687514032.47328,
        -51953617037.05947,
        17.0911865234375,
        11.7864990234375,
        -21480152359.575134
      ],
      "intercept": -48647743110.08299
    },
    "style_model": {
      "coefficients": [
        1.1708106777968817e-11,
        -289239485591.5094,
        186205496866.95157,
        302312227657.8461,
        -1562630762.8242385,
        1601949952722.859,
        -23308496487.75581,
        231242773143.32016,
        -28470528603.01243,
        190138812640.71277,
        152693104580.42725,
        -148297761447.75827,
        137765830404.33508,
        -0.17055576881134726,
        -0.271286465679605,
        1.4488554380281682,
        8799408784097.146,
        4.046991187004867,
        56632949609.75028,
        -332164610418.67505,
        368271150941.42255,
        1.9875820442502175,
        0.7709144267594894,
        137765830404.29663,
        -2.1941144670449475,
        2.1102883312600165,
        5561826858758.08,
        -0.2611404332613212,
        -206701731855.69226,
        -68829928953.96661,
        -237084202049.1227,
        -1.6583867570842301,
        -0.03883117122054014,
        -4.9619140625,
        -6.32568359375,
        77345761513.10255,
        4.88037109375,
        -71938226559.31921,
        71938226562.68835,
        -384915883114.0342,
        0.89111328125,
        -0.93505859375,
        3.560455322265625,
        126141015953.58739,
        -19.89599609375,
        46509422951.32446,
        -46509422950.170166,
        1989603291.2808838,
        9.90985107421875,
        -3.824462890625,
        -0.0010768652085637973,
        -51429727943.82059,
        8308337325384.107,
        8308337325384.105,
        1032398602269.6033,
        1162383038723.7302,
        7415592576524.213,
        -12.5166015625,
        40877356778.38037,
        -40877356777.1983,
        29677299466.71045,
        -3.26806640625,
        -4.05859375,
        37041514308.625244,
        119245073250.39319,
        -129088820154.10046,
        -55181757200.142456,
        -3287861800.3984375,
        119245073250.39319,
        -129088820154.10046,
        55181757196.64014,
        3287861799.2856445,
        -501203149308.75073,
        -194414898969.6781,
        188818574117.90402,
        4.58642578125,
        3.29638671875,
        -137765830374.56104
      ],
      "intercept": 159832626333.45645
    }
  }
}