{
  "training_history": {
    "base_loss": [
      3.3817235172118085
    ],
    "attention_loss": [
      5428.182460119017
    ],
    "style_loss": [
      1.0488288084880493e-23
    ]
  },
  "model_parameters": {
    "base_model": {
      "coefficients": [
        -2038129498811.7434,
        28334172408.03594,
        38767086479.2071,
        -42314135861.05866,
        -19775662581.52026,
        102108765732.97395,
        -4868581098.61228,
        -6132415671.266897,
        -51036474119.617966,
        40039572380.99695,
        -20088089932.307777,
        -1182255380.2061884,
        31416816961.320797,
        0.05886044081988828,
        0.10725216269998938,
        -0.6765391978391939,
        472984860495.33685,
        -0.0023010425359366593,
        -39631219972.97816,
        -23202413951.68706,
        -36076188778.002625,
        0.3136866505910838,
        0.030967163950727183,
        31416816962.36084,
        0.05465304026926887,
        -0.062051934076357895,
        518222317033.0764,
        -0.36518452080300534,
        -29840484645.09615,
        -32993149279.554028,
        -49359787541.51284,
        0.827552963398646,
        0.03903533322579378,
        -0.1527862548828125,
        -0.901458740234375,
        136083954225.47343,
        0.6573486328125,
        -3798767832.6957245,
        3798767832.7634125,
        53876031077.706055,
        1.3090438842773438,
        0.04071044921875,
        -10.107841491699219,
        17942593823.12218,
        2.033966064453125,
        -308505484.4333191,
        308505484.9088745,
        25179155632.50674,
        12.99850845336914,
        0.114501953125,
        -0.00023033123733408938,
        -11755731375.587753,
        795200060326.5001,
        795200060326.5001,
        86485508594.4106,
        101066862768.3707,
        611390246908.5221,
        1.8593215942382812,
        2530475545.8236237,
        -2530475545.166641,
        6198869964.985256,
        15.005447387695312,
        0.058807373046875,
        21162342283.874985,
        20835645820.41344,
        36394845605.067825,
        -24170912.74220276,
        -10212146292.44577,
        20835645820.413452,
        36394845605.067825,
        24170912.47318268,
        10212146292.37793,
        -35539770982.02605,
        25576950462.053993,
        1505293994.15802,
        3.8482666015625,
        0.5740966796875,
        -31416816902.201923
      ],
      "intercept": 2028605209953.2617
    },
    "attention_model": {
      "coefficients": [
        -117218929697646.58,
        1430702208912.714,
        2170076719525.6262,
        -2415247778455.1245,
        -1047383108851.7593,
        5515245371375.608,
        -268459605323.6377,
        -328299228971.0525,
        -2824299850002.0166,
        1878845101780.2102,
        -1053388652016.8191,
        -49183309877.42367,
        1348641998634.2363,
        3.9377542150778675,
        6.816045977393964,
        -38.093236562398296,
        25393397330654.242,
        2.4910931889366914,
        -1798047022488.2073,
        -899236974782.8885,
        -1821626629168.4297,
        19.401334063558338,
        1.556784363940892,
        1348641998637.268,
        2.810154253748287,
        -5.610752946808574,
        27807899946261.945,
        -19.944253034967517,
        -1265702813900.5654,
        -1431581183369.8672,
        -2763027494520.7686,
        45.378905159200144,
        2.1526222124571177,
        -8.5732421875,
        -55.728515625,
        7301924844190.654,
        41.71484375,
        -202689986126.96387,
        202689986129.8291,
        3075188981760.8037,
        74.1611328125,
        2.8037109375,
        -34.49169921875,
        963062898976.897,
        72.232666015625,
        -16500546480.865234,
        16500546502.53711,
        1333569592045.6677,
        590.072021484375,
        10.62890625,
        -0.012350990405870373,
        -630841440705.0675,
        42666483385427.52,
        42666483385427.52,
        4640844453946.956,
        5423135986044.065,
        32804381427057.47,
        596.66064453125,
        135369190544.59668,
        -135369190502.71094,
        341813384787.3651,
        732.0133056640625,
        6.19140625,
        910902788377.9597,
        893190604447.1172,
        2007006908023.2856,
        -1333815408.5776367,
        -546770498147.00476,
        893190604447.1172,
        2007006908023.2856,
        1333815393.2231445,
        546770498143.5078,
        -1188517063275.3474,
        1341216086729.1274,
        62622134931.83789,
        192.61328125,
        31.9609375,
        -1348641998627.761
      ],
      "intercept": 116476425283778.69
    },
    "style_model": {
      "coefficients": [
        -2.632036825184787,
        1.2867290690052684,
        -1.5836081001982643,
        2.412375945292051,
        9.863225001200853,
        -0.5861226975416933,
        0.023719901419588574,
        0.8643557485760045,
        0.8500088015032174,
        4.285853995608656,
        -0.2895998417391521,
        -74.59234878125363,
        -0.5261904776409854,
        1.6697754290362354e-13,
        2.7355895326763857e-13,
        -5.453415496958769e-13,
        -1.901402409615776,
        8.526512829121202e-14,
        0.472244521003252,
        0.580136434278523,
        -1.6383143340193342,
        5.524469770534779e-13,
        2.842170943040401e-14,
        -0.5261904776408457,
        3.4638958368304884e-14,
        4.227729277772596e-13,
        -2.1030265238043206,
        -8.668621376273222e-13,
        0.5187709694954246,
        0.533609985786363,
        2.016312456532823,
        5.266898028821743e-13,
        6.750155989720952e-14,
        -1.6342482922482304e-13,
        -1.3926637620897964e-12,
        -0.5534014905165682,
        1.1599610161283636e-12,
        0.009441341024734484,
        -0.009441341024758465,
        -3.0715324503146846,
        7.887024366937112e-13,
        8.348877145181177e-14,
        -8.000000000000217,
        -0.07243726796182777,
        -2.23399077015074e-12,
        0.002226173809973808,
        -0.0022261738095661343,
        7.81358460560995,
        -5.000444502911705e-13,
        5.329070518200751e-15,
        9.633872982590291e-16,
        0.048103909112557824,
        -3.229948248343925,
        -3.229948248343925,
        -0.3516915385171421,
        -0.4114391225189371,
        -2.496222737781041,
        -14.999999999994605,
        -0.0035991057514168645,
        0.0035991057529045634,
        -0.03020111648648105,
        2.220446049250313e-15,
        -4.902744876744691e-13,
        -0.3516392506286866,
        -0.3503708523265409,
        -1.091398369626225,
        0.00019771797110146316,
        -0.011563480803580717,
        -0.35037085232653964,
        -1.091398369626225,
        -0.00019771797156220572,
        0.011563480803534532,
        -11.441167568082609,
        0.36872997065023316,
        -57.814817165250346,
        -5.062616992290714e-13,
        -3.490541189421492e-13,
        30.52619047764103
      ],
      "intercept": 118.32342232992448
    }
  }
}