{
  "training_history": {
    "base_loss": [
      5.260491031685426
    ],
    "attention_loss": [
      86.36078035500918
    ],
    "style_loss": [
      353.9864159229415
    ]
  },
  "model_parameters": {
    "base_model": {
      "coefficients": [
        -1.1434450566477971e-11,
        -121961521014.00146,
        34065814573.410748,
        723306785.771289,
        -15635644915.11664,
        14709813409.565947,
        -6757183220.58664,
        116529647911.73605,
        150509321628.0631,
        -501605807091.1417,
        -57373804515.40083,
        69006902474.88576,
        -115118485906.04929,
        -0.07765750467268084,
        0.031044981784031478,
        -0.32696096323181756,
        251075917692.67993,
        0.38891958330864895,
        105828783963.00761,
        124408187847.00993,
        155286231492.82135,
        -0.062104696446935836,
        -0.05104397508639735,
        -115118485905.04575,
        -0.002937531338417898,
        -0.3549735247841994,
        295062975952.4722,
        0.5234967856048129,
        127272080994.54329,
        102964890815.45798,
        -43373942237.80399,
        0.5667466959350236,
        -0.0011558487308134247,
        -0.009490966796875,
        0.1016387939453125,
        41846567938.19488,
        -0.1130218505859375,
        11127175180.460938,
        -11127175180.443329,
        -920942802.9995117,
        -0.0459442138671875,
        0.016357421875,
        -8.377143859863281,
        3914822026.432967,
        13.828685760498047,
        -3838726241.756172,
        3838726241.741104,
        19907921420.522984,
        14.542640686035156,
        0.4601593017578125,
        -0.0003757752674704047,
        -1415588824.3779967,
        405194757534.1948,
        405194757534.1951,
        42046554287.39426,
        46185017345.9293,
        246534084929.3688,
        13.51810073852539,
        -2191065627.143402,
        2191065627.450897,
        8603512804.20374,
        51.59394836425781,
        1.99554443359375,
        -86148922502.00923,
        -72044024654.04077,
        -170002288002.6487,
        -7812079770.883026,
        -3687298635.5290527,
        -72044024654.04077,
        -170002288002.6487,
        7812079772.7565,
        3687298635.620941,
        591928436176.6431,
        73050596666.7919,
        -87862317401.16702,
        17.302352905273438,
        2.225555419921875,
        115118485965.14569
      ],
      "intercept": 28829061229.823692
    },
    "attention_model": {
      "coefficients": [
        5.798664630293914e-12,
        -595305574176.5659,
        81628176374.13771,
        -3326064097.976664,
        15297943795.945332,
        90339804042.41315,
        -19551911456.239983,
        488658803304.50366,
        618635762469.1453,
        -2088699154419.1575,
        -243293026093.25296,
        291778668547.065,
        -488185074522.3513,
        -0.33912878700548144,
        0.17746191970393732,
        -1.0366182643562207,
        -35344694457.99436,
        2.1821466283421973,
        450332933534.03674,
        526037215510.55365,
        757966598249.78,
        -1.0639267275425985,
        -0.2188844827557137,
        -488185074522.3904,
        -0.0203010485056474,
        -1.5144279127288236,
        98888372096.20297,
        2.432578905826581,
        557373616931.5441,
        418996532112.9098,
        -103932222120.02834,
        1.4162051889546063,
        -0.062262928197277745,
        0.00238037109375,
        0.639129638671875,
        50233662824.54736,
        -0.70721435546875,
        17366660655.811096,
        -17366660655.674805,
        4234876335.541443,
        -0.194305419921875,
        0.08984375,
        12.599365234375,
        -4141826339.0093307,
        37.174346923828125,
        -10392656645.334167,
        10392656645.116455,
        -19477947073.089584,
        51.8553466796875,
        3.407958984375,
        -0.0002385096815676868,
        1835204028.8304384,
        168271996760.32425,
        168271996760.3251,
        8821824542.73779,
        6717697381.5783205,
        31724212581.688953,
        49.209197998046875,
        -6088519497.822784,
        6088519500.630371,
        24894266579.332253,
        131.35818481445312,
        8.27978515625,
        -342349134630.6416,
        -317010507207.15594,
        -704925614409.3901,
        -31174229892.50833,
        -9723828698.201157,
        -317010507207.15594,
        -704925614409.3901,
        31174229898.77231,
        9723828698.678284,
        2531444086606.6084,
        309770301564.7601,
        -371504139139.3405,
        18.31744384765625,
        10.97503662109375,
        488185074523.3563
      ],
      "intercept": 78938498811.26682
    },
    "style_model": {
      "coefficients": [
        -1.1704195220853838e-11,
        867229012274.3098,
        133726308964.55553,
        25329175529.69112,
        -295826318870.9834,
        -186920213183.3634,
        -11626467244.013472,
        -472636453765.062,
        -554791505977.3635,
        1969036597422.44,
        244692493009.9357,
        -290505673562.2457,
        489132724476.63763,
        0.2784970694269353,
        -0.519800776092497,
        -1.4736875098230264,
        3816113451633.959,
        0.551951472886266,
        -456375552328.7883,
        -521889896624.9616,
        -1104190272780.2861,
        -0.036866207633073245,
        0.8851692306938421,
        489132724476.3185,
        -2.33422860771374,
        5.620581385364614,
        3860893555086.355,
        3.0497686004389806,
        -619351069700.862,
        -358914379252.92694,
        -170265624733.3415,
        -0.5797031014038474,
        -0.8240887310906831,
        -5.326499938964844,
        -8.029296875,
        386717586307.01373,
        -3.7589111328125,
        85020486219.50171,
        -85020486216.41202,
        -32250107919.23755,
        0.6832275390625,
        -1.005859375,
        -18.9080810546875,
        75451882570.48941,
        24.33685302734375,
        -9778511740.985352,
        9778511741.79248,
        376657767570.2314,
        1.2939453125,
        -0.8221435546875,
        -0.004416961375643019,
        -28782535320.273117,
        5157714851465.686,
        5157714851465.687,
        573587295522.3112,
        643246815510.6874,
        3451996532352.9785,
        27.092529296875,
        -4886123679.039093,
        4886123683.49292,
        14803277835.410583,
        12.59814453125,
        -6.04345703125,
        264084377537.93665,
        357090535707.912,
        654080953859.5571,
        24627445277.43701,
        -10542514011.683105,
        357090535707.91187,
        654080953859.5571,
        -24627445277.851257,
        10542514011.175049,
        -2619631172141.0537,
        -311552158422.6665,
        369883311400.52856,
        0.532958984375,
        2.1396484375,
        -489132724447.0217
      ],
      "intercept": 69442481899.12744
    }
  }
}